[{"nome":"yuri","sobrenome":"ruz","cpf":"502.205","telefone":"4799108","whatsapp":"4799108","email":"yuriruzbarbosa.07@gmail.com","senha":"$2y$10$6ylU3jOxtrHuwmQYHRb7OufL3sWV2pdgwJ7BcDE0e3wX2XPdW3XcS"},{"nome":null,"sobrenome":null,"cpf":null,"telefone":null,"whatsapp":null,"email":"yuriruzbarbosa.07@gmail.com","senha":"$2y$10$cUcp5VyUN8fMQ4\/fyyiifuONg5gTcMD3O0fvhmRM\/J\/ywHV7woOU6"},{"nome":null,"sobrenome":null,"cpf":null,"telefone":null,"whatsapp":null,"email":"yuriruzbarbosa.07@gmail.com","senha":"$2y$10$y9MfyrHJ8idD2dJvRybaF.E9AdL7ZceCMgUoN9jUVENHOJdkfT6aa"},{"nome":null,"sobrenome":null,"cpf":null,"telefone":null,"whatsapp":null,"email":"yuriruzbarbosa.07@gmail.com","senha":"$2y$10$tR8qoX65L540AyEzhN4CpO710.05Hs5RceQfmUWYPO0U7WC6KBhKm"},{"nome":null,"sobrenome":null,"cpf":null,"telefone":null,"whatsapp":null,"email":"yuriruzbarbosa.07@gmail.com","senha":"$2y$10$6\/uZwSVnFvdPZA.f0P1sAuZLsCNtUnDlZ6V8F.4TZry1KHt6ZH\/VO"},{"nome":null,"sobrenome":null,"cpf":null,"telefone":null,"whatsapp":null,"email":"yuriruzbarbosa.07@gmail.com","senha":"$2y$10$P3V2uMswPjIJyQCapHEIDOD4smr0vT686dHaJpWJgWEkGgTouViZy"},{"nome":null,"sobrenome":null,"cpf":null,"telefone":null,"whatsapp":null,"email":"yuriruzbarbosa.07@gmail.com","senha":"$2y$10$8nk6r06YljsJwEslw.SJi.tRuWrbTq81e9OpkbZynkdzI1G4Pne9m"},{"nome":null,"sobrenome":null,"cpf":null,"telefone":null,"whatsapp":null,"email":"yuriruzbarbosa.07@gmail.com","senha":"$2y$10$rBeLaM4up9omSaoNAfcrX.YxX5ogqNtW3mb6heIO\/oBv716BP3AHe"},{"nome":"yuri","sobrenome":"ruz","cpf":"502.205","telefone":"4799108","whatsapp":"4799108","email":"yuriruzbarbosa.07@gmail.com","senha":"$2y$10$79.LFUFKTF7POzeBzh2KDORtQxVzbKAEimY3e0XPSr8mHGFymZYAm"}]